	Team	Team Name	Organization	City	State	Country	tsRanking	teamNumber	teamName	eventRegion	locCountry	trueskill	ccwm	opr	dpr	MiddleSchoolRank
111	3324B	Supernova Calamity	SCIENCE ACADEMY STEM MAGNET	North Hollywood	CA	United States	19.0	3324B	Supernova Calamity	California - Region 4	United States	27.8	57.5	90.6	33.1	1.0
34	652A	RoboMonkeys	652	Chula Vista	CA	United States	33.0	652A	RoboMonkeys	California - Region 4	United States	27.3	46.2	79.4	33.2	2.0
4	38X	Boba Bots	CRANBROOK SCHOOLS	Bloomfield Hills	MI	United States	46.0	38X	Boba Bots	Michigan	United States	27.0	43.9	70.6	26.7	3.0
184	7700K	Rolling Robots	Rolling Robots	Rolling Hills Estates	CA	United States	75.0	7700K	Rolling Robots	California - Region 4	United States	26.4	44.8	81.3	36.4	4.0
405	73805Z	Achille's Steel	GERMANTOWN MIDDLE SCHOOL	Madison	MS	United States	75.0	73805Z	Achille's Steel	Mississippi	United States	26.4	38.0	61.1	23.2	5.0
480	99116X	Pac-Man	99116	Santa Clara	CA	United States	75.0	99116X	Pac-Man	California - Region 2	United States	26.4	35.3	86.9	51.6	6.0
431	79298B	Mechanical Mountains	Altona Middle School	LONGMONT	CO	United States	85.0	79298B	Mechanical Mountains	Colorado	United States	26.3	67.4	89.3	21.9	7.0
483	99318W	AQU	Fulham School	London		United Kingdom	85.0	99318W	AQU	United Kingdom	United Kingdom	26.3	37.4	73.3	35.9	8.0
481	99116Y	Probotics	99116	Santa Clara	CA	United States	93.0	99116Y	Probotics	California - Region 2	United States	26.2	33.1	77.2	44.1	9.0
18	315B	Paradigm	Paradigm	Cupertino	CA	United States	93.0	315B	Paradigm	California - Region 2	United States	26.2	47.4	84.0	36.5	10.0
263	15979K	Annihilation Robotics	EIT Academy	Celina	TX	United States	93.0	15979K	Annihilation Robotics	Texas - Region 2	United States	26.2	47.0	91.3	44.4	11.0
118	3324Y	Supernova Y, But Y?	SCIENCE ACADEMY STEM MAGNET	North Hollywood	CA	United States	110.0	3324Y	Supernova Y, But Y?	California - Region 4	United States	26.1	56.6	83.5	26.9	12.0
233	10012W	Ten Ton Robotics	Ten Ton Robotics	West Vancouver	BC	Canada	110.0	10012W	Ten Ton Robotics	British Columbia (BC)	Canada	26.1	44.6	75.8	31.2	13.0
443	83686A	Fighting Chickens	SOUTH MIDDLE SCHOOL	Nampa	ID	United States	110.0	83686A	Fighting Chickens	Idaho	United States	26.1	50.9	68.5	17.6	14.0
473	98548H	REVAMPED	Bear River High School	Garland	UT	United States	110.0	98548H	REVAMPED	Utah	United States	26.1	30.4	71.4	41.0	15.0
266	16868A	Checkmate	Checkmate Robotics	Markham	ON	Canada	140.0	16868A	Checkmate	Ontario	Canada	25.9	35.6	72.2	36.6	16.0
198	8481S	Ski Patrol	Bridger Robotics	Bozeman	MT	United States	148.0	8481S	Ski Patrol	Montana	United States	25.8	9.1	67.0	57.9	17.0
146	5233J	Juggernauts	NRAI	Omaha	NE	United States	158.0	5233J	Juggernauts	Nebraska	United States	25.7	41.0	74.7	33.7	18.0
29	462A	Wolverines	HARVARD-WESTLAKE SCHOOL	Los Angeles	CA	United States	158.0	462A	Wolverines	California - Region 4	United States	25.7	28.8	68.4	39.6	19.0
131	4233B	Berserkers	Scott County Middle Schools	Georgetown	KY	United States	183.0	4233B	Berserkers	Kentucky	United States	25.5	52.0	84.1	32.2	21.0
400	72101R	Rolling Oranges	Orange Theory Robotics	Valley Village	CA	United States	183.0	72101R	Rolling Oranges	California - Region 4	United States	25.5	34.5	75.1	40.6	23.0
55	938X	Blaze Robotics Qubits	Blaze Robotics Academy	Bellevue	WA	United States	198.0	938X	Blaze Robotics Qubits	Washington	United States	25.4	46.1	72.7	26.6	24.0
314	31110A	Uh-Oh	Happy Valley Middle School	Elizabethton	TN	United States	215.0	31110A	Uh-Oh	Tennessee	United States	25.3	48.7	69.1	20.3	25.0
449	87867G	Landau Eagle	AI & Robotics Academy LLC	Plano	TX	United States	215.0	87867G	Landau Eagle	Texas - Region 2	United States	25.3	42.1	67.7	25.6	26.0
430	79298A	Mechanical Chaos	Altona Middle School	LONGMONT	CO	United States	215.0	79298A	Mechanical Chaos	Colorado	United States	25.3	29.3	51.7	22.4	27.0
235	10012Y	Ten Ton Robotics	Ten Ton Robotics	West Vancouver	BC	Canada	215.0	10012Y	Ten Ton Robotics	British Columbia (BC)	Canada	25.3	28.0	61.5	33.5	28.0
115	3324U	Supernova U	SCIENCE ACADEMY STEM MAGNET	Los Angeles	CA	United States	215.0	3324U	Supernova U	California - Region 4	United States	25.3	41.5	82.9	41.5	29.0
7	46V	Venom	Seton SCHOOL	Manassas	VA	United States	215.0	46V	Venom	Virginia	United States	25.3	42.4	71.4	29.0	30.0
238	10102W	Wasted	Vinci Robotics Academy	Burlington	MA	United States	231.0	10102W	Wasted	Southern New England	United States	25.2	29.5	60.5	31.0	31.0
465	95070C	Redwood Robotics	Redwood PTA	Saratoga	CA	United States	231.0	95070C	Redwood Robotics	California - Region 2	United States	25.2	26.2	58.0	31.8	32.0
278	19497F	ZERO GRAVITY	FERGUSON HALL FRESHMAN SCHOOL	Beavercreek	OH	United States	245.0	19497F	ZERO GRAVITY	Ohio	United States	25.1	33.5	61.2	27.7	33.0
350	53999P	Robo Hornets	HARPURSVILLE JUNIOR-SENIOR HIGH SCHOOL	Harpursville	NY	United States	245.0	53999P	Robo Hornets	New York-North	United States	25.1	30.1	61.8	31.6	34.0
128	4082A	Rocket Robots	ST NICHOLAS CATHOLIC SCHOOL	Freedom	WI	United States	260.0	4082A	Rocket Robots	Wisconsin	United States	25.0	39.1	69.1	30.0	35.0
112	3324H	Supernova Hyperspeeders	SCIENCE ACADEMY STEM MAGNET	Los Angeles	CA	United States	280.0	3324H	Supernova Hyperspeeders	California - Region 4	United States	24.9	16.1	39.2	23.1	36.0
279	19497G	Emotional Damage	FERGUSON HALL FRESHMAN SCHOOL	Beavercreek	OH	United States	280.0	19497G	Emotional Damage	Ohio	United States	24.9	24.4	54.4	30.0	37.0
234	10012X	The Golden Ratio	Ten Ton Robotics	West Vancouver	BC	Canada	297.0	10012X	The Golden Ratio	British Columbia (BC)	Canada	24.8	25.6	64.9	39.3	38.0
289	20785Z	Typhoon	Queen Elizabeth's School	London		United Kingdom	310.0	20785Z	Typhoon	United Kingdom	United Kingdom	24.7	29.6	64.5	34.8	39.0
411	74947A	Fenix	Ecole Secondaire Massey-Vanier	Cowansville	QC	Canada	310.0	74947A	Fenix	Quebec	Canada	24.7	19.2	64.2	45.1	41.0
88	2011W	Warped	BRECKSVILLE-BROADVIEW HEIGHTS MIDDLE SCHOOL	Broadview Heights	OH	United States	326.0	2011W	Warped	Ohio	United States	24.6	40.8	68.8	28.0	42.0
385	69414Z	KLK Canes	ANNIE CAMP JR. HIGH SCHOOL	Jonesboro	AR	United States	326.0	69414Z	KLK Canes	Arkansas	United States	24.6	25.6	46.9	21.3	44.0
399	71999A	The Patilies	R3V3RB Robotics	Sterling	VA	United States	326.0	71999A	The Patilies	Virginia	United States	24.6	40.2	77.3	37.1	45.0
454	88895X	The Little Pigs	The Little Pigs	Manassas	VA	United States	326.0	88895X	The Little Pigs	Virginia	United States	24.6	48.7	70.6	21.9	46.0
318	33249C	Alpha Centauri	Bob Jones Junior High School	GREENVILLE	SC	United States	351.0	33249C	Alpha Centauri	South Carolina	United States	24.5	32.3	53.6	21.3	47.0
317	33249A	Alpha and Omega	Bob Jones Junior High School	GREENVILLE	SC	United States	351.0	33249A	Alpha and Omega	South Carolina	United States	24.5	17.9	54.8	36.9	48.0
54	938W	Blaze Robotics Qubits	Blaze Robotics Academy	Bellevue	WA	United States	351.0	938W	Blaze Robotics Qubits	Washington	United States	24.5	51.0	78.5	27.5	49.0
19	315D	Paradigm	Paradigm	Saratoga	CA	United States	351.0	315D	Paradigm	California - Region 2	United States	24.5	22.0	59.9	37.9	50.0
240	10102Z	Gentleminions	Vinci Robotics Academy	Burlington	MA	United States	351.0	10102Z	Gentleminions	Southern New England	United States	24.5	23.9	52.5	28.7	51.0
214	9078Z	Robosynthesis	GRIFFITHS MIDDLE	Downey	CA	United States	372.0	9078Z	Robosynthesis	California - Region 4	United States	24.4	25.5	49.7	24.2	52.0
262	15650C	Memento Mori	Highgate	London		United Kingdom	372.0	15650C	Memento Mori	United Kingdom	United Kingdom	24.4	30.3	57.8	27.5	53.0
466	95070D	Redwood Robotics	Redwood PTA	Saratoga	CA	United States	372.0	95070D	Redwood Robotics	California - Region 2	United States	24.4	13.7	44.8	31.0	54.0
475	98992A	Ankle Assassins	Milford Jr. High School	Milford	OH	United States	399.0	98992A	Ankle Assassins	Ohio	United States	24.3	30.9	68.7	37.8	56.0
379	66465F	Steel Devils VI	BRIDGE STREET MIDDLE SCHOOL	Wheeling	WV	United States	399.0	66465F	Steel Devils VI	West Virginia	United States	24.3	16.8	45.3	28.5	57.0
333	40994F	Obsidian Outlaws	Dr. Phinnize J. Fisher Middle School	Greenville	SC	United States	399.0	40994F	Obsidian Outlaws	South Carolina	United States	24.3	32.0	50.5	18.5	58.0
142	4810D	Dark Mode	NORTH UNION MIDDLE SCHOOL	Richwood	OH	United States	399.0	4810D	Dark Mode	Ohio	United States	24.3	22.6	48.0	25.4	59.0
49	884A	Space Pandas	MBX Foundation	Manhattan Beach	CA	United States	399.0	884A	Space Pandas	California - Region 4	United States	24.3	12.5	55.4	42.9	60.0
5	38Y	Wontons	CRANBROOK SCHOOLS	Bloomfield Hills	MI	United States	432.0	38Y	Wontons	Michigan	United States	24.2	5.6	36.5	30.9	61.0
47	839Z	// Caution Tape ZOOM! //	Caution Tape Robotics ////	Markham	ON	Canada	432.0	839Z	// Caution Tape ZOOM! //	Ontario	Canada	24.2	-1.9	38.5	40.4	63.0
48	842T	Nova	NOVA Robotics	Chester Springs	PA	United States	432.0	842T	Nova	Pennsylvania - East	United States	24.2	41.7	76.7	35.0	64.0
179	7690F	7690F - FJH Metal Manipulators	FRUITVALE JUNIOR HIGH	Bakersfield	CA	United States	432.0	7690F	7690F - FJH Metal Manipulators	California - Region 3	United States	24.2	26.1	40.1	14.0	65.0
334	42111P	Peas in a Pod	Elyria Robotics - Middle School	Elyria	OH	United States	432.0	42111P	Peas in a Pod	Ohio	United States	24.2	16.8	56.2	39.4	66.0
368	61538D	Big Green Wheel	CHENEY MIDDLE SCHOOL	Cheney	KS	United States	465.0	61538D	Big Green Wheel	Kansas	United States	24.1	26.5	44.9	18.4	68.0
258	14287D	Circuit Breakers	DU PONT MIDDLE SCHOOL	Belle	WV	United States	465.0	14287D	Circuit Breakers	West Virginia	United States	24.1	25.4	43.8	18.5	69.0
361	61170J	Tiger Kappa	SOUTH JUNIOR HIGH	St. Cloud	MN	United States	465.0	61170J	Tiger Kappa	Minnesota	United States	24.1	20.8	37.8	17.0	70.0
14	210F	Ok I Pull Up	Western Mechatronics	Calgary	AB	Canada	489.0	210F	Ok I Pull Up	Alberta/Saskatchewan	Canada	24.0	19.6	57.2	37.6	71.0
107	3141R	Random Bits	Gross Catholic Robotics	Bellevue	NE	United States	489.0	3141R	Random Bits	Nebraska	United States	24.0	17.3	64.7	47.4	72.0
168	7177B	Iteration Happens Plan B	Iteration Happens	Stamping Ground	KY	United States	489.0	7177B	Iteration Happens Plan B	Kentucky	United States	24.0	23.1	63.4	40.3	73.0
376	66465C	Steel Devils III	BRIDGE STREET MIDDLE SCHOOL	Wheeling	WV	United States	522.0	66465C	Steel Devils III	West Virginia	United States	23.9	30.4	62.5	32.1	75.0
312	29651C	Wubba Dwuckies	Blue Ridge Middle School	Greer	SC	United States	522.0	29651C	Wubba Dwuckies	South Carolina	United States	23.9	23.0	52.3	29.3	78.0
13	106A	Brain Deads	Excel-Robotic Lab LLC	Plano	TX	United States	522.0	106A	Brain Deads	Texas - Region 2	United States	23.9	26.8	63.3	36.5	79.0
6	46B	R-SOF	Seton School	Manassas	VA	United States	522.0	46B	R-SOF	Virginia	United States	23.9	17.7	45.1	27.5	80.0
117	3324X	Supernova Phat Chickens	SCIENCE ACADEMY STEM MAGNET	North Hollywood	CA	United States	544.0	3324X	Supernova Phat Chickens	California - Region 4	United States	23.8	19.1	55.8	36.6	81.0
239	10102X	X Prime	Vinci Robotics Academy	Burlington	MA	United States	544.0	10102X	X Prime	Southern New England	United States	23.8	23.6	64.8	41.1	82.0
274	18670A	Mt Seymour Robotics	North Vancouver	North Vancouver	BC	Canada	544.0	18670A	Mt Seymour Robotics	British Columbia (BC)	Canada	23.8	37.4	83.3	46.0	84.0
329	39702A	New Hope Robotics	NEW HOPE MIDDLE SCHOOL	Columbus	MS	United States	544.0	39702A	New Hope Robotics	Mississippi	United States	23.8	43.7	60.9	17.2	85.0
382	69414A	Dochsuns	ANNIE CAMP JR. HIGH SCHOOL	Jonesboro	AR	United States	544.0	69414A	Dochsuns	Arkansas	United States	23.8	15.3	36.4	21.1	86.0
456	88909C	88909C	88909	Palo Alto	CA	United States	544.0	88909C	88909C	California - Region 2	United States	23.8	29.7	65.0	35.3	87.0
461	91416N	S.W.A.T.	Wahoo Robotics	Wahoo, NE	NE	United States	576.0	91416N	S.W.A.T.	Nebraska	United States	23.7	38.5	62.9	24.4	88.0
259	14791R	vexer flexer	the harker school	Saratoga	CA	United States	576.0	14791R	vexer flexer	California - Region 2	United States	23.7	14.5	55.7	41.2	89.0
244	10800Z	Mud Dogs	ST. MARTIN MIDDLE SCHOOL	Ocean Springs	MS	United States	576.0	10800Z	Mud Dogs	Mississippi	United States	23.7	17.8	41.0	23.3	90.0
24	355Z	Falcons	Fox Valley Robotics	Batavia	IL	United States	576.0	355Z	Falcons	Illinois	United States	23.7	28.2	50.8	22.6	91.0
72	1288A	OverHeated	5D college	chatswood		Australia	576.0	1288A	OverHeated	Australia	Australia	23.7	46.8	82.2	35.4	93.0
177	7481E	ElectroFrogs	LEAGUE CITY INT	Houston	TX	United States	576.0	7481E	ElectroFrogs	Texas - Region 3	United States	23.7	18.6	48.3	29.7	94.0
260	15155B	Bearcats	Ubly JH/HS	Ubly	MI	United States	607.0	15155B	Bearcats	Michigan	United States	23.6	43.2	63.5	20.3	95.0
427	78759D	Storm Bots	Canyon Vista Middle School	AUSTIN	TX	United States	607.0	78759D	Storm Bots	Texas - Region 4	United States	23.6	26.5	48.2	21.7	96.0
338	45784A	Edison's Engineers	PARKSIDE MIDDLE	Manassas	VA	United States	607.0	45784A	Edison's Engineers	Virginia	United States	23.6	14.9	37.5	22.7	97.0
288	20785X	Nova	Queen Elizabeth's School	London		United Kingdom	607.0	20785X	Nova	United Kingdom	United Kingdom	23.6	25.1	62.9	37.8	98.0
225	9545X	Wreckin' Crew	Roland Middle School	Roland	OK	United States	607.0	9545X	Wreckin' Crew	Oklahoma	United States	23.6	21.6	41.8	20.3	99.0
59	1028J	Bastion	Brownell Talbot College Preparatory School	Omaha	NE	United States	607.0	1028J	Bastion	Nebraska	United States	23.6	21.1	55.4	34.3	100.0
151	6047C	Chaos and Confusion	WESTVIEW MIDDLE SCHOOL	Longmont	CO	United States	607.0	6047C	Chaos and Confusion	Colorado	United States	23.6	18.8	34.2	15.4	101.0
68	1247U	The Muffins	WESTBROOK INT	Houston	TX	United States	607.0	1247U	The Muffins	Texas - Region 3	United States	23.6	21.1	44.5	23.4	102.0
60	1028T	Technical Difficulties	BROWNELL TALBOT SCHOOLS	Omaha	NE	United States	607.0	1028T	Technical Difficulties	Nebraska	United States	23.6	18.3	55.3	37.1	103.0
172	7421E	Infinite Paradox	WESTBROOK INT	Houston	TX	United States	640.0	7421E	Infinite Paradox	Texas - Region 3	United States	23.5	5.5	33.2	27.7	105.0
176	7481D	AIMBOT	LEAGUE CITY INT	Houston	TX	United States	640.0	7481D	AIMBOT	Texas - Region 3	United States	23.5	23.3	50.0	26.8	106.0
426	78759B	Robo Bois	Canyon Vista Middle School	AUSTIN	TX	United States	640.0	78759B	Robo Bois	Texas - Region 4	United States	23.5	39.3	55.8	16.5	107.0
446	85403A	Robo-Raiders	TRIADELPHIA MIDDLE SCHOOL	Wheeling	WV	United States	640.0	85403A	Robo-Raiders	West Virginia	United States	23.5	16.5	39.8	23.3	108.0
478	99009A	the little red pony 小红马	rainbow bots	Bryn Mawr	PA	United States	640.0	99009A	the little red pony 小红马	Pennsylvania - East	United States	23.5	6.2	34.0	27.8	109.0
304	26003A	George Drinks Water	SHERRARD MIDDLE SCHOOL	Wheeling	WV	United States	673.0	26003A	George Drinks Water	West Virginia	United States	23.4	10.3	36.2	25.9	110.0
362	61187C	AR: Blood, Sweat, and Guinea Pig Snuggles	ALLENDALE MIDDLE SCHOOL	Allendale	MI	United States	673.0	61187C	AR: Blood, Sweat, and Guinea Pig Snuggles	Michigan	United States	23.4	2.1	32.7	30.6	112.0
256	13765Z	MTS_Myopians	Merchant Taylors' School	London		United Kingdom	673.0	13765Z	MTS_Myopians	United Kingdom	United Kingdom	23.4	9.8	42.8	33.0	113.0
90	2055B	Coconut Doggy	Mi3L School	Oakville	ON	Canada	673.0	2055B	Coconut Doggy	Ontario	Canada	23.4	34.4	73.6	39.2	115.0
74	1338B	Blue HEAT	BRYANT JUNIOR HIGH SCHOOL	Bryant	AR	United States	673.0	1338B	Blue HEAT	Arkansas	United States	23.4	21.8	44.1	22.3	116.0
69	1247Y	No Clue	WESTBROOK INT	Houston	TX	United States	673.0	1247Y	No Clue	Texas - Region 3	United States	23.4	20.1	44.8	24.8	117.0
50	892Y	Scuffed Robotics	Independent Team	Manhattan Beach	CA	United States	673.0	892Y	Scuffed Robotics	California - Region 4	United States	23.4	24.8	53.1	28.3	118.0
455	88909B	HyperBeasts	88909	Palo Alto	CA	United States	709.0	88909B	HyperBeasts	California - Region 2	United States	23.3	29.2	68.9	39.6	120.0
413	74947K	Fenix	Ecole Secondaire Massey-Vanier	Cowansville	QC	Canada	709.0	74947K	Fenix	Quebec	Canada	23.3	21.1	63.7	42.6	121.0
403	73352C	Aces	Vinton Middle School	Vinton	LA	United States	709.0	73352C	Aces	Louisiana	United States	23.3	12.0	21.2	9.2	122.0
327	37816J	The Chosen Ones	JACOB COY MIDDLE SCHOOL	Beavercreek	OH	United States	709.0	37816J	The Chosen Ones	Ohio	United States	23.3	22.4	57.4	35.0	123.0
276	19291Y	Pajama Professionals	Ankeney Middle School/Greene County Career Center	Beavercreek	OH	United States	709.0	19291Y	Pajama Professionals	Ohio	United States	23.3	14.2	45.9	31.7	124.0
270	18000B	Iron Patriots - Bmo	Sullivan East Middle School	Bluff City	TN	United States	709.0	18000B	Iron Patriots - Bmo	Tennessee	United States	23.3	15.9	37.0	21.1	125.0
246	10863B	Denton ACES Team 2	DENTON MAGNET SCHOOL OF TECHNOLOGY	Mobile	AL	United States	709.0	10863B	Denton ACES Team 2	Alabama	United States	23.3	29.9	43.6	13.7	126.0
232	10012P	Ten Ton Robotics	Ten Ton Robotics	West Vancouver	BC	Canada	709.0	10012P	Ten Ton Robotics	British Columbia (BC)	Canada	23.3	17.1	51.4	34.4	127.0
207	8838B	Robohawks - Century	ORCHARD HILLS	Irvine	CA	United States	709.0	8838B	Robohawks - Century	California - Region 4	United States	23.3	-4.5	36.6	41.1	128.0
351	54001B	西安市铁一中学	Xi'an TieYi MS	Xi'an	Shaanxi	China	744.0	54001B	西安市铁一中学	China	China	23.2	37.7	91.8	54.1	131.0
391	71300D	Jont	Lied Middle School	Las Vegas	NV	United States	744.0	71300D	Jont	Nevada	United States	23.2	26.9	64.7	37.7	132.0
124	4004Y	Y-Not! 2.0	APACHE SCHOOLS	Apache	OK	United States	744.0	4004Y	Y-Not! 2.0	Oklahoma	United States	23.2	21.0	42.1	21.1	134.0
0	13C	ACME - RoadRunner	ACME Robotics	McLean	VA	United States	744.0	13C	ACME - RoadRunner	Virginia	United States	23.2	-3.4	34.4	37.8	136.0
116	3324W	Supernova Infinity	SCIENCE ACADEMY STEM MAGNET	Los Angeles	CA	United States	744.0	3324W	Supernova Infinity	California - Region 4	United States	23.2	2.5	43.1	40.6	137.0
28	457A	Flying Pancakes	JENISON JUNIOR HIGH SCHOOL	Jenison	MI	United States	783.0	457A	Flying Pancakes	Michigan	United States	23.1	7.1	32.0	24.8	139.0
61	1032B	Not Enough Time	BESSIE ALLEN MIDDLE	North Fond du Lac	WI	United States	783.0	1032B	Not Enough Time	Wisconsin	United States	23.1	30.0	64.6	34.6	140.0
62	1089C	Iron Forge	Forge Robotics	Chesterbrook	PA	United States	783.0	1089C	Iron Forge	Pennsylvania - East	United States	23.1	14.8	46.8	32.0	141.0
99	2588A	The DropBears	5D college	chatswood		Australia	783.0	2588A	The DropBears	Australia	Australia	23.1	53.9	85.7	31.8	142.0
163	6446C	Royal Robotics 6446C	RANCHO DEL REY MIDDLE	Chula Vista	CA	United States	783.0	6446C	Royal Robotics 6446C	California - Region 4	United States	23.1	-6.9	28.3	35.2	143.0
209	9039J	Watermellon	BrandywineBOTS Robotics Club	Wilmington	DE	United States	783.0	9039J	Watermellon	Delmarva	United States	23.1	36.2	51.1	15.0	144.0
291	21218A	Paradox	Young Community Leaders Incubator	Cupertino	CA	United States	783.0	21218A	Paradox	California - Region 2	United States	23.1	20.4	63.9	43.5	145.0
324	37816B	The Mechanized Scorpions	JACOB COY MIDDLE SCHOOL	Beavercreek	OH	United States	783.0	37816B	The Mechanized Scorpions	Ohio	United States	23.1	8.1	46.3	38.2	146.0
448	87867E	Eclipse	AI & Robotics Academy LLC	Plano	TX	United States	830.0	87867E	Eclipse	Texas - Region 2	United States	23.0	42.8	85.5	42.7	149.0
418	77174B	Saints Robotics	St. George's School	Vancouver	BC	Canada	830.0	77174B	Saints Robotics	British Columbia (BC)	Canada	23.0	21.1	61.4	40.3	150.0
479	99009B	The Big Blue Wildebeest 大蓝牛	rainbow bots	Bryn Mawr	PA	United States	830.0	99009B	The Big Blue Wildebeest 大蓝牛	Pennsylvania - East	United States	23.0	26.1	49.3	23.2	151.0
467	95070E	Redwood Robotics	Redwood PTA	Saratoga	CA	United States	830.0	95070E	Redwood Robotics	California - Region 2	United States	23.0	8.7	54.8	46.2	152.0
395	71610D	I Don't Know	GORDON PARKS ACADEMY	Wichita	KS	United States	830.0	71610D	I Don't Know	Kansas	United States	23.0	32.8	53.1	20.3	153.0
141	4810C	Robo Axolotl	NORTH UNION MIDDLE SCHOOL	Richwood	OH	United States	830.0	4810C	Robo Axolotl	Ohio	United States	23.0	8.5	38.2	29.7	154.0
264	16689A	The Circuit Breakers	Dracobots	Portland	OR	United States	830.0	16689A	The Circuit Breakers	Oregon	United States	23.0	36.2	62.0	25.8	156.0
41	727B	Terrapin Bale	Tampa Preparatory School	Tampa	FL	United States	830.0	727B	Terrapin Bale	Florida - North/Central	United States	23.0	-2.7	24.2	26.9	157.0
26	393Y	Legacy Robotics	Legacy Magnet Academy	Tustin	CA	United States	830.0	393Y	Legacy Robotics	California - Region 4	United States	23.0	0.8	28.0	27.2	158.0
452	88825H	88825H	Shanghai No.1 Experimental School Affliated to SISU	Shanghai	Shanghai	China	868.0	88825H	88825H	China	China	22.9	28.5	93.8	65.3	160.0
164	6517A	TRITONBOTS-A	EASTLAKE MIDDLE	Chula Vista	CA	United States	868.0	6517A	TRITONBOTS-A	California - Region 4	United States	22.9	3.3	34.5	31.2	164.0
75	1338X	X HEAT	BRYANT JUNIOR HIGH SCHOOL	Bryant	AR	United States	868.0	1338X	X HEAT	Arkansas	United States	22.9	9.8	40.1	30.2	165.0
31	467A	'Til The End	WEST MIDDLE SCHOOL	Nampa	ID	United States	868.0	467A	'Til The End	Idaho	United States	22.9	1.9	29.7	27.8	167.0
12	90U	VEXMEN: Luminous	Brandywine Robotics Inc.	Chester Springs	PA	United States	868.0	90U	VEXMEN: Luminous	Pennsylvania - East	United States	22.9	25.3	44.0	18.6	169.0
87	2011R	Rage	BRECKSVILLE-BROADVIEW HEIGHTS MIDDLE SCHOOL	Broadview Heights	OH	United States	868.0	2011R	Rage	Ohio	United States	22.9	10.4	42.2	31.8	170.0
367	61538B	Bandits	CHENEY MIDDLE SCHOOL	Cheney	KS	United States	919.0	61538B	Bandits	Kansas	United States	22.8	17.8	38.7	20.8	171.0
408	74100D	dGoats	CONCORDIA JR/SR HIGH SCHOOL	Omaha	NE	United States	966.0	74100D	dGoats	Nebraska	United States	22.7	14.9	58.2	43.3	174.0
402	73352B	Ajax	Vinton Middle School	Vinton	LA	United States	966.0	73352B	Ajax	Louisiana	United States	22.7	17.3	39.0	21.7	175.0
384	69414T	Tardigrades	ANNIE CAMP JR. HIGH SCHOOL	Jonesboro	AR	United States	966.0	69414T	Tardigrades	Arkansas	United States	22.7	15.1	36.4	21.3	176.0
332	40994A	Zoomin' Aluminum	Dr. Phinnize J. Fisher Middle School	Greenville	SC	United States	966.0	40994A	Zoomin' Aluminum	South Carolina	United States	22.7	7.4	41.9	34.6	180.0
261	15486G	Spark	VISTA SCHOOL	IVINS	UT	United States	966.0	15486G	Spark	Utah	United States	22.7	41.1	70.8	29.7	181.0
37	663T	Manual Transmission	CHATTANOOGA CHRISTIAN SCHOOL	Chattanooga	TN	United States	966.0	663T	Manual Transmission	Tennessee	United States	22.7	14.2	42.7	28.5	184.0
286	20315B	Marcelline Robotics	Collège Sainte-Marcelline	Montreal	QC	Canada	966.0	20315B	Marcelline Robotics	Quebec	Canada	22.7	17.3	63.6	46.3	186.0
419	77240G	The Dysfunctional	RICHARD H. GETTYS MIDDLE	Easley	SC	United States	1013.0	77240G	The Dysfunctional	South Carolina	United States	22.6	10.6	41.4	30.8	188.0
136	4461A	RoboColts	Ruth Fisher Middle School	Tonopah	AZ	United States	1013.0	4461A	RoboColts	Arizona	United States	22.6	27.7	49.5	21.7	191.0
143	4886H	Yogurt	Thetford Academy	Thetford	VT	United States	1013.0	4886H	Yogurt	New Hampshire/Vermont	United States	22.6	5.3	34.8	29.5	193.0
122	3590B	Hawaiian Kids	Waialua High & Intermediate School	Waialua	HI	United States	1013.0	3590B	Hawaiian Kids	Hawaii	United States	22.6	14.2	51.4	37.2	195.0
401	73352A	The Megaminds	VINTON MIDDLE SCHOOL	Vinton	LA	United States	1054.0	73352A	The Megaminds	Louisiana	United States	22.5	13.2	33.0	19.8	198.0
364	61187E	AR: Mechanikal Advantage	ALLENDALE MIDDLE SCHOOL	Allendale	MI	United States	1054.0	61187E	AR: Mechanikal Advantage	Michigan	United States	22.5	1.4	31.5	30.1	199.0
306	27301B	Papio Hunters	Waianae Intermediate School	Waianae	HI	United States	1054.0	27301B	Papio Hunters	Hawaii	United States	22.5	15.6	43.6	28.0	202.0
269	18000A	Iron Patriots - Scrappy Doo	Sullivan East Middle School	Bluff City	TN	United States	1054.0	18000A	Iron Patriots - Scrappy Doo	Tennessee	United States	22.5	9.1	39.0	30.0	203.0
257	14287A	The Panthers of Coding	DU PONT MIDDLE SCHOOL	Belle	WV	United States	1106.0	14287A	The Panthers of Coding	West Virginia	United States	22.4	9.9	31.4	21.5	210.0
20	315E	Paradigm	Paradigm	Cupertino	CA	United States	1106.0	315E	Paradigm	California - Region 2	United States	22.4	0.1	41.0	40.8	212.0
85	1737Y	Blue Ribbon	International Robotics Academy	Almaty		Kazakhstan	1106.0	1737Y	Blue Ribbon	Kazakhstan	Kazakhstan	22.4	30.8	68.7	37.9	213.0
217	9123X	Shanghai RuiGuan Team 9123X	ShangHai RuiGuan	Shanghai	Shanghai	China	1106.0	9123X	Shanghai RuiGuan Team 9123X	China	China	22.4	30.1	89.3	59.2	216.0
310	29500X	Placer Robotics X (MS)	Placer Robotics	Granite Bay	CA	United States	1143.0	29500X	Placer Robotics X (MS)	California - Region 2	United States	22.3	6.5	36.3	29.8	221.0
301	25900A	Allison Aces	ALLISON TRADITIONAL MAGNET MIDDLE	Wichita	KS	United States	1143.0	25900A	Allison Aces	Kansas	United States	22.3	9.8	33.4	23.6	222.0
414	75442R	Johnny #5	FARMERSVILLE JUNIOR HIGH SCHOOL	Farmersville	TX	United States	1143.0	75442R	Johnny #5	Texas - Region 2	United States	22.3	1.8	42.3	40.5	223.0
170	7225Z	Southland Borderbots	Southland Middle School	Adams	MN	United States	1143.0	7225Z	Southland Borderbots	Minnesota	United States	22.3	27.1	55.0	27.9	226.0
80	1492V	W.A.S.A.B.I.	BIG BRAINS EDUCATION	BELLEVUE	WA	United States	1143.0	1492V	W.A.S.A.B.I.	Washington	United States	22.3	23.5	54.4	30.9	227.0
38	673B	Alpha Entity	EAST VALLEY MIDDLE SCHOOL	Nampa	ID	United States	1143.0	673B	Alpha Entity	Idaho	United States	22.3	3.6	40.3	36.7	228.0
16	293T	Solstice	Echo Robotics	Malvern	PA	United States	1143.0	293T	Solstice	Pennsylvania - East	United States	22.3	23.3	52.3	29.0	229.0
476	98992B	Crockpot Cereal	Milford Jr High School	Milford	OH	United States	1195.0	98992B	Crockpot Cereal	Ohio	United States	22.2	6.2	44.1	38.0	231.0
447	85403D	Robo sapiens	TRIADELPHIA MIDDLE SCHOOL	Wheeling	WV	United States	1195.0	85403D	Robo sapiens	West Virginia	United States	22.2	15.3	34.9	19.6	232.0
383	69414B	Sleep Deprived	ANNIE CAMP JR. HIGH SCHOOL	Jonesboro	AR	United States	1195.0	69414B	Sleep Deprived	Arkansas	United States	22.2	-2.9	23.4	26.3	233.0
220	9290B	Hereford Zone Robotics	Hereford Middle School	Monkton	MD	United States	1195.0	9290B	Hereford Zone Robotics	Maryland	United States	22.2	14.8	46.7	31.9	238.0
145	5156G	Insert Text Here	York Middle School	York	ME	United States	1195.0	5156G	Insert Text Here	Maine	United States	22.2	17.8	38.6	20.9	239.0
70	1254A	Antidisestablishmentarianism	Harrison Junior School	Harrison	OH	United States	1195.0	1254A	Antidisestablishmentarianism	Ohio	United States	22.2	9.8	52.5	42.7	241.0
46	792Y	Reroll	JEFFREY TRAIL MIDDLE	Irvine	CA	United States	1195.0	792Y	Reroll	California - Region 4	United States	22.2	30.1	59.7	29.6	242.0
341	47969E	Mechanized Metal	PIKE ROAD MIDDLE SCHOOL	Pike Road	AL	United States	1241.0	47969E	Mechanized Metal	Alabama	United States	22.1	18.0	49.1	31.2	245.0
359	59200F	59200F	ICC	Milpitas	CA	United States	1241.0	59200F	59200F	California - Region 2	United States	22.1	13.9	54.9	41.0	250.0
357	57711N	ZipTies	Alchemy Global STEM Institute	Morristown	TN	United States	1241.0	57711N	ZipTies	Tennessee	United States	22.1	-2.7	33.2	35.8	251.0
102	2668A	Bat-o-bots	Batobots	Austin	TX	United States	1241.0	2668A	Bat-o-bots	Texas - Region 4	United States	22.1	30.1	48.8	18.7	253.0
191	7830P	ACP Noble Knights	Arizona College Prep Middle School	Chandler	AZ	United States	1241.0	7830P	ACP Noble Knights	Arizona	United States	22.1	22.4	54.1	31.7	254.0
189	7830K	ACP Noble Knights	Arizona College Prep Middle School	Chandler	AZ	United States	1241.0	7830K	ACP Noble Knights	Arizona	United States	22.1	21.5	48.1	26.6	255.0
175	7481C	CobraBots	LEAGUE CITY INT	Houston	TX	United States	1241.0	7481C	CobraBots	Texas - Region 3	United States	22.1	15.4	43.1	27.7	256.0
140	4810A	3 Musketeers	NORTH UNION MIDDLE SCHOOL	Richwood	OH	United States	1241.0	4810A	3 Musketeers	Ohio	United States	22.1	-1.8	34.6	36.4	258.0
194	7842F	Robotics71 - F	Robotics71 - School District #71	Comox	BC	Canada	1241.0	7842F	Robotics71 - F	Vancouver Island (BC)	Canada	22.1	29.7	54.6	24.9	260.0
319	33705A	LA Matrix	Region 5 Stem Center	LAKE CHARLES	LA	United States	1297.0	33705A	LA Matrix	Louisiana	United States	22.0	5.4	25.9	20.5	261.0
433	79298J	Crazy Aces	Altona Middle School	LONGMONT	CO	United States	1297.0	79298J	Crazy Aces	Colorado	United States	22.0	16.6	38.7	22.1	262.0
468	95070G	Redwood Robotics	Redwood PTA	Saratoga	CA	United States	1297.0	95070G	Redwood Robotics	California - Region 2	United States	22.0	3.4	39.7	36.3	263.0
412	74947D	Fenix	Ecole Secondaire Massey-Vanier	Cowansville	QC	Canada	1297.0	74947D	Fenix	Quebec	Canada	22.0	13.2	51.4	38.2	264.0
231	10012G	Ten Ton Robotics	Ten Ton Robotics	West Vancouver	BC	Canada	1297.0	10012G	Ten Ton Robotics	British Columbia (BC)	Canada	22.0	13.2	52.3	39.0	270.0
223	9447A	RoboPhoenixes	Palmetto Scholars Academy	North Charleston	SC	United States	1297.0	9447A	RoboPhoenixes	South Carolina	United States	22.0	13.7	49.0	35.3	271.0
181	7690W	7690W - FJH Stumble Guys	FRUITVALE JUNIOR HIGH	Bakersfield	CA	United States	1297.0	7690W	7690W - FJH Stumble Guys	California - Region 3	United States	22.0	17.9	36.7	18.8	272.0
21	323E	Sprockets	Cornerstone Robotics	Martinsville	IN	United States	1297.0	323E	Sprockets	Indiana	United States	22.0	-27.6	43.4	71.0	276.0
415	75442X	X-Factor	FARMERSVILLE JUNIOR HIGH SCHOOL	Farmersville	TX	United States	1359.0	75442X	X-Factor	Texas - Region 2	United States	21.9	-0.4	35.7	36.1	278.0
410	74403A	Hornets	HILLDALE MIDDLE SCHOOL	Muskogee	OK	United States	1359.0	74403A	Hornets	Oklahoma	United States	21.9	11.6	32.7	21.1	279.0
371	62880B	Xiao Man Tou (小馒头)	Coast 2 Coast Robotics	Bayside	NY	United States	1359.0	62880B	Xiao Man Tou (小馒头)	New York-South	United States	21.9	-3.8	41.2	45.0	280.0
330	39702D	New Hope Robotics	NEW HOPE MIDDLE SCHOOL	Columbus	MS	United States	1359.0	39702D	New Hope Robotics	Mississippi	United States	21.9	16.4	45.5	29.1	281.0
208	8878J	J. O. D	Jockey Hollow Stem Program	MONROE	CT	United States	1359.0	8878J	J. O. D	Southern New England	United States	21.9	14.7	37.6	22.9	285.0
167	7135Z	The DONminators	Loyola Blakefield	Towson	MD	United States	1359.0	7135Z	The DONminators	Maryland	United States	21.9	-14.3	20.9	35.2	286.0
132	4233X	The Unknowns	Scott County Middle Schools	Georgetown	KY	United States	1359.0	4233X	The Unknowns	Kentucky	United States	21.9	2.6	40.5	37.8	287.0
101	2627E	Demotortized	BASIS SCOTTSDALE	scottsdale	AZ	United States	1359.0	2627E	Demotortized	Arizona	United States	21.9	21.8	51.2	29.4	288.0
205	8781A	OK Robotics	Olive Knolls Christian School	BAKERSFIELD	CA	United States	1359.0	8781A	OK Robotics	California - Region 3	United States	21.9	14.7	35.2	20.5	292.0
474	98548K	Binary Bot	Bear River High School	Garland	UT	United States	1420.0	98548K	Binary Bot	Utah	United States	21.8	17.0	46.0	29.0	294.0
377	66465D	Steel Devils IV	BRIDGE STREET MIDDLE SCHOOL	Wheeling	WV	United States	1420.0	66465D	Steel Devils IV	West Virginia	United States	21.8	-2.5	27.1	29.6	297.0
339	45784C	DaVinci's Visionaries	PARKSIDE MIDDLE	Manassas	VA	United States	1420.0	45784C	DaVinci's Visionaries	Virginia	United States	21.8	7.3	34.4	27.1	298.0
308	28006A	Alderman Industries	Creative Youth Technology	PLANO	TX	United States	1420.0	28006A	Alderman Industries	Texas - Region 2	United States	21.8	35.2	70.2	35.0	300.0
265	16699Y	Overclock MS	NY Youth Tech	Flushing	NY	United States	1420.0	16699Y	Overclock MS	New York-South	United States	21.8	34.1	66.8	32.7	302.0
212	9039Z	RickRolling	BrandywineBOTS Robotics Club	Wilmington	DE	United States	1420.0	9039Z	RickRolling	Delmarva	United States	21.8	15.3	37.1	21.8	303.0
201	8757B	STEAM-ED Robotics	STEAM-Ed Robotics Tauranga	Tauranga		New Zealand	1420.0	8757B	STEAM-Ed Robotics B	New Zealand	New Zealand	21.8	25.5	68.2	42.7	304.0
169	7192F	The Masked Bandits	Windom Middle School	Windom	MN	United States	1420.0	7192F	The Masked Bandits	Minnesota	United States	21.8	24.8	43.7	18.9	307.0
153	6047S	Syborgz	WESTVIEW MIDDLE SCHOOL	Longmont	CO	United States	1420.0	6047S	Syborgz	Colorado	United States	21.8	14.2	37.0	22.8	309.0
9	80Y	VEXMEN: Nocturne	Brandywine Robotics Inc	Chester Springs	PA	United States	1420.0	80Y	VEXMEN: Nocturne	Pennsylvania - East	United States	21.8	23.5	53.6	30.0	310.0
219	9290A	Hereford Zone Robotics	HEREFORD MIDDLE	Monkton	MD	United States	1420.0	9290A	Hereford Zone Robotics	Maryland	United States	21.8	2.2	36.8	34.6	311.0
393	71610A	3 Musketeers	GORDON PARKS ACADEMY	Wichita	KS	United States	1480.0	71610A	3 Musketeers	Kansas	United States	21.7	2.0	35.1	33.1	312.0
340	45784D	Archimedes Architects	PARKSIDE MIDDLE	Manassas	VA	United States	1480.0	45784D	Archimedes Architects	Virginia	United States	21.7	1.7	33.5	31.8	315.0
360	61170E	Tiger Epsilon	SOUTH JUNIOR HIGH	St. Cloud	MN	United States	1480.0	61170E	Tiger Epsilon	Minnesota	United States	21.7	9.6	33.5	23.9	316.0
436	80204A	Norris Knights A	NORRIS MIDDLE	Balersfield	CA	United States	1480.0	80204A	Norris Knights A	California - Region 3	United States	21.7	12.4	33.4	21.0	319.0
440	81101A	ReStart	Mankato West Robotics	Mankato	MN	United States	1480.0	81101A	ReStart	Minnesota	United States	21.7	22.8	40.9	18.1	320.0
281	19497J	No Mercy	FERGUSON HALL FRESHMAN SCHOOL	Beavercreek	OH	United States	1480.0	19497J	No Mercy	Ohio	United States	21.7	14.3	47.5	33.3	321.0
373	63724B	University School Sharks Robotics	NSU UNIVERSITY SCHOOL	Ft. Lauderdale	FL	United States	1480.0	63724B	University School Sharks Robotics	Florida - South	United States	21.7	19.4	43.0	23.6	323.0
241	10173Z	HBS Spark	Henrietta Barnett School	London		United Kingdom	1480.0	10173Z	HBS Spark	United Kingdom	United Kingdom	21.7	-9.2	27.8	36.9	325.0
10	85C	Metal Manipulators	Mount Vernon CSD	Mount Vernon	IA	United States	1480.0	85C	Metal Manipulators	Iowa	United States	21.7	16.7	47.7	31.0	327.0
129	4082C	Rocket Robots 2	ST NICHOLAS CATHOLIC SCHOOL	Freedom	WI	United States	1480.0	4082C	Rocket Robots 2	Wisconsin	United States	21.7	2.3	39.3	37.0	330.0
144	4886X	X-factor	Thetford Academy	Thetford	VT	United States	1480.0	4886X	X-factor	New Hampshire/Vermont	United States	21.7	14.9	35.1	20.2	331.0
30	462Z	Wolverines	HARVARD-WESTLAKE SCHOOL	Los Angeles	CA	United States	1480.0	462Z	Wolverines	California - Region 4	United States	21.7	2.3	32.5	30.2	332.0
422	77787A	77787A	SVRA	Dublin	CA	United States	1546.0	77787A	77787A	California - Region 2	United States	21.6	44.3	94.1	49.8	343.0
369	61538W	The Silver Bullets	CHENEY MIDDLE SCHOOL  6-8	Cheney	KS	United States	1546.0	61538W	The Silver Bullets	Kansas	United States	21.6	8.6	32.2	23.6	345.0
311	29651A	THE GOONIES	Blue Ridge Middle School	Greer	SC	United States	1546.0	29651A	THE GOONIES	South Carolina	United States	21.6	11.2	41.6	30.4	346.0
248	11196X	JL Artax	John Lyon School	London		United Kingdom	1546.0	11196X	JL Artax	United Kingdom	United Kingdom	21.6	-10.4	29.4	39.8	348.0
113	3324K	Supernova Khaotics	SCIENCE ACADEMY STEM MAGNET	Los Angeles	CA	United States	1546.0	3324K	Supernova Khaotics	California - Region 4	United States	21.6	2.6	42.7	40.1	350.0
83	1737D	Dream On...	International Robotics Academy	Almaty		Kazakhstan	1546.0	1737D	Dream On...	Kazakhstan	Kazakhstan	21.6	22.0	55.8	33.8	351.0
432	79298F	Formula	Altona Middle School	LONGMONT	CO	United States	1594.0	79298F	Formula	Colorado	United States	21.5	-5.6	34.8	40.4	357.0
285	20242E	Calculated Chaos	Immersioneering	Grandville	MI	United States	1594.0	20242E	Calculated Chaos	Michigan	United States	21.5	9.6	38.5	28.9	361.0
199	8686G	Gorrillas	SEVIER MIDDLE	Greenville	SC	United States	1594.0	8686G	Gorrillas	South Carolina	United States	21.5	14.4	41.7	27.3	365.0
159	6210B	HCS Eagles: Built Different	Heritage Christian School	Indianapolis	IN	United States	1594.0	6210B	HCS Eagles: Built Different	Indiana	United States	21.5	-13.3	45.0	58.3	367.0
79	1481E	Golden Hawks	GAINESVILLE MIDDLE	Gainesville	VA	United States	1594.0	1481E	Golden Hawks	Virginia	United States	21.5	17.5	36.9	19.4	369.0
213	9078X	"Optimus ""Prime"""	GRIFFITHS MIDDLE	Downey	CA	United States	1594.0	9078X	"Optimus ""Prime"""	California - Region 4	United States	21.5	-2.0	30.1	32.2	372.0
326	37816D	Googenheimers	JACOB COY MIDDLE SCHOOL	Beavercreek	OH	United States	1664.0	37816D	Googenheimers	Ohio	United States	21.4	8.3	44.8	36.5	375.0
463	93303R	The NPCs	Monmouth Memorial School	Monmouth	ME	United States	1664.0	93303R	The NPCs	Maine	United States	21.4	5.8	31.9	26.1	381.0
348	52800A	Quaranteam	SOARING HEIGHTS PK-8	Erie	CO	United States	1664.0	52800A	Quaranteam	Colorado	United States	21.4	16.7	45.7	29.0	383.0
192	7831C	Not Mad, Just Disappointed	FRANK H HARRISON MIDDLE SCHOOL	Yarmouth	ME	United States	1664.0	7831C	Not Mad, Just Disappointed	Maine	United States	21.4	5.6	32.8	27.2	387.0
174	7481B	Red Rover	LEAGUE CITY INT	Houston	TX	United States	1664.0	7481B	Red Rover	Texas - Region 3	United States	21.4	15.6	38.2	22.6	388.0
119	3333B	TechnoBacon	Marist Academy Middle School	Pontiac	MI	United States	1664.0	3333B	TechnoBacon	Michigan	United States	21.4	-8.1	27.0	35.1	391.0
3	38G	The Association of Nerds	CRANBROOK SCHOOLS	Bloomfield Hills	MI	United States	1664.0	38G	The Association of Nerds	Michigan	United States	21.4	-7.6	28.1	35.6	395.0
236	10102F	Geico	Vinci Robotics Academy	Burlington	MA	United States	1664.0	10102F	Geico	Southern New England	United States	21.4	2.2	31.7	29.4	396.0
363	61187D	AR: Blueberry Smoothies	ALLENDALE MIDDLE SCHOOL	Allendale	MI	United States	1743.0	61187D	AR: Blueberry Smoothies	Michigan	United States	21.3	-0.3	31.7	32.0	397.0
404	73805T	The Three Musketeers	GERMANTOWN MIDDLE SCHOOL	Madison	MS	United States	1743.0	73805T	The Three Musketeers	Mississippi	United States	21.3	-3.5	28.4	31.9	398.0
477	98992D	Dwaddling Dinoz	Milford Jr High School	Milford	OH	United States	1743.0	98992D	Dwaddling Dinoz	Ohio	United States	21.3	8.7	52.3	43.6	400.0
453	88873A	Rolling Robots Sea Bass	Rolling Robots	irvine	CA	United States	1743.0	88873A	Rolling Robots Sea Bass	California - Region 4	United States	21.3	21.7	60.7	39.0	405.0
187	7830A	ACP Noble Knights	Arizona College Prep Middle School	Chandler	AZ	United States	1743.0	7830A	ACP Noble Knights	Arizona	United States	21.3	18.8	46.1	27.4	407.0
161	6356D	Robozos	TRAIL RIDGE MIDDLE SCHOOL	Longmont	CO	United States	1743.0	6356D	Robozos	Colorado	United States	21.3	9.3	40.9	31.6	410.0
335	42470R	Grizzly Robotics R	GRANITE BAY HIGH	Granite Bay	CA	United States	1805.0	42470R	Grizzly Robotics R	California - Region 2	United States	21.2	17.4	48.1	30.8	416.0
457	89878D	Dream Team	Powdersville Middle School	Greenville	SC	United States	1805.0	89878D	Dream Team	South Carolina	United States	21.2	18.7	44.4	25.7	420.0
224	9537X	Cyber Cowboys	WILLMA CAVITT JUNIOR HIGH	Granite Bay	CA	United States	1805.0	9537X	Cyber Cowboys	California - Region 2	United States	21.2	7.4	41.3	33.9	422.0
186	7784F	C-Bots Ferocius Foxs	CAVELERO MID HIGH SCHOOL	Lake Stevens	WA	United States	1805.0	7784F	C-Bots Ferocius Foxs	Washington	United States	21.2	23.3	54.6	31.2	423.0
210	9039T	P.A.N.K.	BrandywineBOTS Robotics Club	Wilmington	DE	United States	1805.0	9039T	P.A.N.K.	Delmarva	United States	21.2	21.5	41.8	20.3	424.0
97	2463A	Golden Hawks Intermediate	Nanakuli Intermediate School	Waianae	HI	United States	1805.0	2463A	Golden Hawks Intermediate	Hawaii	United States	21.2	3.1	48.3	45.2	426.0
93	2148A	Technical Difficulties	Greenville Middle School	Greenville	TX	United States	1805.0	2148A	Technical Difficulties	Texas - Region 2	United States	21.2	34.6	63.9	29.3	427.0
45	792X	Hydra	JEFFREY TRAIL MIDDLE	Irvine	CA	United States	1805.0	792X	Hydra	California - Region 4	United States	21.2	-4.2	36.7	40.9	429.0
17	315A	Paradigm	Paradigm	Foster City	CA	United States	1805.0	315A	Paradigm	California - Region 2	United States	21.2	11.7	57.1	45.3	430.0
2	24Z	Super Sonic Sparks Z	Sparks 4-H Robotics	REISTERSTOWN	MD	United States	1805.0	24Z	Super Sonic Sparks Z	Maryland	United States	21.2	28.3	58.5	30.2	431.0
322	35075A	Belmont Hill MS Robotics	BELMONT HILL SCHOOL	Belmont	MA	United States	1880.0	35075A	Belmont Hill MS Robotics	Southern New England	United States	21.1	11.0	31.8	20.8	434.0
352	55371D	Cannibalistic Candy	PRINCETON MIDDLE SCHOOL	PRINCETON	MN	United States	1880.0	55371D	Cannibalistic Candy	Minnesota	United States	21.1	-5.2	32.1	37.3	436.0
358	59200A	Virtual Braincells	ICC	Milpitas	CA	United States	1880.0	59200A	Virtual Braincells	California - Region 2	United States	21.1	24.4	67.8	43.4	438.0
460	91416E	The Fantastic Four	Wahoo Robotics	Wahoo	NE	United States	1880.0	91416E	The Fantastic Four	Nebraska	United States	21.1	5.5	41.2	35.7	442.0
315	32285A	Five Loose Screws	Hudsonville Christian School	HUDSONVILLE	MI	United States	1880.0	32285A	Five Loose Screws	Michigan	United States	21.1	0.9	34.3	33.5	443.0
331	39702F	New Hope Robotics	NEW HOPE MIDDLE SCHOOL	Columbus	MS	United States	1880.0	39702F	New Hope Robotics	Mississippi	United States	21.1	12.2	37.7	25.5	446.0
42	739E	Dynamic Energy	Kimball Secondary	KIMBALL	MN	United States	1880.0	739E	Dynamic Energy	Minnesota	United States	21.1	1.8	28.0	26.2	448.0
58	1002X	Templestowe X	Templestowe College	Templestowe Lower		Australia	1880.0	1002X	Templestowe X	Australia	Australia	21.1	14.1	46.4	32.3	450.0
65	1231C	Astro-Tankers	LOUISE A. BENTON MIDDLE	Manassas	VA	United States	1880.0	1231C	Astro-Tankers	Virginia	United States	21.1	14.4	33.1	18.7	451.0
86	2010A	Loose Screws	Asheville Robotics	Asheville	NC	United States	1880.0	2010A	Loose Screws	North Carolina	United States	21.1	4.8	35.4	30.6	452.0
110	3177A	3177A	Valley Christian	Cupertino	CA	United States	1880.0	3177A	3177A	California - Region 2	United States	21.1	26.2	71.2	45.0	457.0
255	13765U	MTS_Legends	Merchant Taylors' School	London		United Kingdom	1960.0	13765U	MTS_Legends	United Kingdom	United Kingdom	21.0	14.8	47.5	32.7	467.0
180	7690S	7690S - FJH Bootleg Wall-E	FRUITVALE JUNIOR HIGH	Bakersfield	CA	United States	1960.0	7690S	7690S - FJH Bootleg Wall-E	California - Region 3	United States	21.0	18.3	34.5	16.2	470.0
165	6842N	Nitro	PARK TUDOR SCHOOL	INDIANAPOLIS	IN	United States	1960.0	6842N	Nitro	Indiana	United States	21.0	-21.4	46.2	67.6	471.0
106	3028Y	Owlbots	SCHOOL FOR THE TALENTED & GIFTED IN PLEASANT GROVE	Dallas	TX	United States	1960.0	3028Y	Owlbots	Texas - Region 2	United States	21.0	-2.0	29.4	31.4	474.0
396	71610X	7 Deadly Robots	GORDON PARKS ACADEMY	Wichita	KS	United States	2029.0	71610X	7 Deadly Robots	Kansas	United States	20.9	16.7	41.2	24.4	478.0
425	78759A	Seabiscuit	Canyon Vista Middle School	AUSTIN	TX	United States	2029.0	78759A	Seabiscuit	Texas - Region 4	United States	20.9	22.0	48.1	26.2	480.0
280	19497H	Doofenshmirtz Evil Incorporated	FERGUSON HALL FRESHMAN SCHOOL	Beavercreek	OH	United States	2029.0	19497H	Doofenshmirtz Evil Incorporated	Ohio	United States	20.9	-6.9	27.6	34.6	481.0
275	18891B	G-4s	Granby 4-H Club	East Hartland	CT	United States	2029.0	18891B	G-4s	Southern New England	United States	20.9	25.3	41.0	15.7	482.0
268	17814C	Weston C	WESTON MIDDLE SCHOOL	Weston	CT	United States	2029.0	17814C	Weston C	Southern New England	United States	20.9	14.5	35.4	20.9	483.0
389	70699A	Wolverine Robotics	F. K. WHITE MIDDLE SCHOOL	Lake Charles	LA	United States	2029.0	70699A	Wolverine Robotics	Louisiana	United States	20.9	14.9	36.4	21.5	484.0
229	10001C	Sponge Bot Spare Parts	PRAIRIE WINDS MIDDLE SCHOOL	Mankato	MN	United States	2029.0	10001C	Sponge Bot Spare Parts	Minnesota	United States	20.9	17.8	41.4	23.7	485.0
154	6096H	Spooder Bots	Stone Hill Middle School	Ashburn	VA	United States	2029.0	6096H	Spooder Bots	Virginia	United States	20.9	-7.0	32.1	39.1	487.0
228	9791C	WalshBots - Covid Chaos	WALSH MIDDLE SCHOOL	Framingham	MA	United States	2029.0	9791C	WalshBots - Covid Chaos	Southern New England	United States	20.9	4.2	26.4	22.2	490.0
287	20785R	Shattersquad	Queen Elizabeth's School	London		United Kingdom	2084.0	20785R	Shattersquad	United Kingdom	United Kingdom	20.8	-0.7	35.1	35.7	498.0
271	18000J	Iron Patriots - Jack Jack	Sullivan East Middle School	Bluff City	TN	United States	2084.0	18000J	Iron Patriots - Jack Jack	Tennessee	United States	20.8	-2.9	29.4	32.3	499.0
35	663J	Flaming Chickens	CHATTANOOGA CHRISTIAN SCHOOL	Chattanooga	TN	United States	2084.0	663J	Flaming Chickens	Tennessee	United States	20.8	-14.8	25.3	40.1	504.0
63	1116A	Apocalypse	Endgame	Saratoga	CA	United States	2084.0	1116A	Apocalypse	California - Region 2	United States	20.8	-1.0	36.3	37.3	506.0
193	7831F	That's No Moon, It's a Flexwheel!	FRANK H HARRISON MIDDLE SCHOOL	Yarmouth	ME	United States	2084.0	7831F	That's No Moon, It's a Flexwheel!	Maine	United States	20.8	4.7	26.1	21.4	510.0
484	99319D	The Really Cool People	Princeton Middle School	Princeton	MN	United States	2152.0	99319D	The Really Cool People	Minnesota	United States	20.7	13.5	33.4	19.9	514.0
482	99157B	IronMechs 2.0	Abacus Robotics Corp	Haymarket	VA	United States	2152.0	99157B	IronMechs 2.0	Virginia	United States	20.7	10.0	44.9	34.9	515.0
366	61526F	St. Therese Robotics	ST THERESE SCHOOL	Kansas City	MO	United States	2152.0	61526F	St. Therese Robotics	Missouri	United States	20.7	3.7	36.2	32.5	521.0
44	792V	Dreadnot	JEFFREY TRAIL MIDDLE	Irvine	CA	United States	2152.0	792V	Dreadnot	California - Region 4	United States	20.7	6.4	38.5	32.1	527.0
203	8778Y	The Autobots	PLATTE CITY MIDDLE	Platte City	MO	United States	2152.0	8778Y	The Autobots	Missouri	United States	20.7	5.9	25.7	19.8	531.0
378	66465E	Steel Devils V	BRIDGE STREET MIDDLE SCHOOL	Wheeling	WV	United States	2212.0	66465E	Steel Devils V	West Virginia	United States	20.6	-2.6	29.9	32.6	534.0
313	29651F	Just Hack It	BLUE RIDGE MIDDLE	Greer	SC	United States	2212.0	29651F	Just Hack It	South Carolina	United States	20.6	15.5	36.8	21.3	538.0
243	10800A	Banana Shoots	ST. MARTIN MIDDLE SCHOOL	Ocean Springs	MS	United States	2212.0	10800A	Banana Shoots	Mississippi	United States	20.6	8.9	34.5	25.6	541.0
438	80509X	Korvex	STONE HILL MIDDLE	Ashburn	VA	United States	2281.0	80509X	Korvex	Virginia	United States	20.5	1.1	40.1	38.9	547.0
421	77701A	『      』	IBSH	Hsinchu		Taiwan	2281.0	77701A	『      』	Chinese Taipei	Taiwan	20.5	12.1	63.1	51.0	548.0
372	63724A	University School Sharks Robotics	NSU UNIVERSITY SCHOOL	Ft. Lauderdale	FL	United States	2281.0	63724A	University School Sharks Robotics	Florida - South	United States	20.5	-3.7	37.7	41.5	550.0
294	23438A	FFMS Bronco Bots A	FIVE FORKS MIDDLE SCHOOL	Lawrenceville	GA	United States	2281.0	23438A	FFMS Bronco Bots A	Georgia	United States	20.5	-8.0	22.3	30.3	553.0
73	1304X	Flying Solo		Derby	KS	United States	2281.0	1304X	Flying Solo	Kansas	United States	20.5	-2.5	33.6	36.1	561.0
323	37816A	Chapuza	Jacob Coy Middle School	Beavercreek	OH	United States	2366.0	37816A	Chapuza	Ohio	United States	20.4	-10.1	23.7	33.7	567.0
420	77360Z	Onalaska77360Z	ONALASKA JR/SR HIGH	Onalaska	TX	United States	2366.0	77360Z	Onalaska77360Z	Texas - Region 3	United States	20.4	16.8	36.3	19.5	571.0
471	97896B	Lord of the Disks	Duncan Lake Middle School	Caledonia	MI	United States	2366.0	97896B	Lord of the Disks	Michigan	United States	20.4	-10.2	22.9	33.1	572.0
459	91233X	shanghai ruiguan PD team	shanghai ruiguan PD	shanghai	Shanghai	China	2366.0	91233X	shanghai ruiguan PD team	China	China	20.4	18.3	73.7	55.3	573.0
320	34532D	Dragon Robotics	PINECREST GLADES PREPARATORY ACADEMY MIDDLE HIGH SCHOOL	Miami	FL	United States	2366.0	34532D	Dragon Robotics	Florida - South	United States	20.4	24.2	60.6	36.4	576.0
166	7135B	Loyola Robotics - B	LOYOLA BLAKEFIELD	Towson	MD	United States	2366.0	7135B	Loyola Robotics - B	Maryland	United States	20.4	16.7	34.9	18.1	595.0
343	48884A	Gear Grinders		San Diego	CA	United States	2469.0	48884A	Gear Grinders	California - Region 4	United States	20.3	9.4	60.5	51.2	598.0
439	81011W	SUPER BEAR	天津市科技实验中学	Tianjin	Tianjin	China	2469.0	81011W	SUPER BEAR	China	China	20.3	32.3	104.5	72.2	605.0
204	8778Z	YOLO McSwagon	PLATTE CITY MIDDLE	Platte City	MO	United States	2469.0	8778Z	YOLO McSwagon	Missouri	United States	20.3	2.3	33.6	31.3	610.0
94	2208C	Colegio San Jose	Colegio San Jose	San Juan		Puerto Rico	2469.0	2208C	Colegio San Jose	Puerto Rico	Puerto Rico	20.3	0.0	46.0	46.0	615.0
43	792G	Thursday Frogs	JEFFREY TRAIL MIDDLE	Irvine	CA	United States	2469.0	792G	Thursday Frogs	California - Region 4	United States	20.3	-2.8	34.0	36.8	616.0
40	691E	AK-691E	AK	西安	Shaanxi	China	2469.0	691E	AK-691E	China	China	20.3	4.3	78.2	73.8	617.0
33	650M	Maroons	Pulaski County - Northern Middle	Somerset	KY	United States	2469.0	650M	Maroons	Kentucky	United States	20.3	6.5	27.1	20.5	618.0
222	9393A	Rockbots	ROCKWAY MIDDLE SCHOOL	Miami	FL	United States	2552.0	9393A	Rockbots	Florida - South	United States	20.2	-8.5	28.9	37.4	633.0
182	7700C	Rolling Robots	Rolling Robots	Los Angeles	CA	United States	2552.0	7700C	Rolling Robots	California - Region 4	United States	20.2	19.2	64.4	45.2	634.0
171	7368M	CCHS Nervous Breakdown	Covenant Christian High School	INDIANAPOLIS	IN	United States	2552.0	7368M	Nervous Breakdown	Indiana	United States	20.2	7.1	43.7	36.6	635.0
137	4610D	the B team	Robot Revolution	Summit	NJ	United States	2552.0	4610D	the B team	New Jersey	United States	20.2	22.5	46.4	23.8	637.0
394	71610B	Phoenix	GORDON PARKS ACADEMY	Wichita	KS	United States	2637.0	71610B	Phoenix	Kansas	United States	20.1	7.9	35.3	27.4	646.0
485	99500B	RoboBucs-B	Newell Barney Junior High School	Queen Creek	AZ	United States	2637.0	99500B	RoboBucs-B	Arizona	United States	20.1	-4.6	30.1	34.7	648.0
374	65100E	Berries in Space	Pymble Ladies College, Sydney, Australia	Sydney		Australia	2637.0	65100E	Berries in Space	Australia	Australia	20.1	7.8	38.3	30.5	649.0
215	9123C	Shanghai RuiGuan Team 9123C	ShangHai RuiGuan	Shanghai	Shanghai	China	2637.0	9123C	Shanghai RuiGuan Team 9123C	China	China	20.1	54.0	106.4	52.3	653.0
158	6199E	WiredCats E	The Westminster Schools	Atlanta	GA	United States	2637.0	6199E	WiredCats E	Georgia	United States	20.1	-6.5	25.7	32.1	657.0
156	6199C	WiredCats C	The Westminster Schools	Atlanta	GA	United States	2637.0	6199C	WiredCats C	Georgia	United States	20.1	36.6	51.1	14.5	658.0
227	9635Z	MS RoboKnights	CHARLOTTE CHRISTIAN SCHOOL	Charlotte	NC	United States	2637.0	9635Z	MS RoboKnights	North Carolina	United States	20.1	-6.4	37.4	43.8	660.0
355	56772A	St. Mary Robotics	ST MARY SCHOOL	Alexandria	KY	United States	2723.0	56772A	St. Mary Robotics	Kentucky	United States	20.0	-7.9	45.5	53.5	664.0
346	50878X	Geometric Mangos	MOODY MIDDLE	Glen Allen	VA	United States	2723.0	50878X	Geometric Mangos	Virginia	United States	20.0	-4.8	32.9	37.7	668.0
451	88825B	Artemis	Shanghai No.1 Experimental School Affliated to SISU	Shanghai	Shanghai	China	2723.0	88825B	Artemis	China	China	20.0	20.4	86.4	66.0	673.0
316	32789C	NRT	NORTHFIELD JR-SR HIGH SCHOOL	Wabash	IN	United States	2723.0	32789C	NRT	Indiana	United States	20.0	31.1	59.0	27.8	675.0
247	11045A	UnderBot	Hsinchu County American School	Zhubei		Taiwan	2723.0	11045A	UnderBot	Chinese Taipei	Taiwan	20.0	4.1	71.4	67.3	680.0
150	6047B	Bioluminescence	WESTVIEW MIDDLE SCHOOL	Longmont	CO	United States	2723.0	6047B	Bioluminescence	Colorado	United States	20.0	-11.2	22.6	33.8	685.0
82	1532A	Lumberjacks	BEMIDJI MIDDLE	Bemidji	MN	United States	2723.0	1532A	Lumberjacks	Minnesota	United States	20.0	-9.9	20.5	30.5	687.0
200	8686R	Rex	SEVIER MIDDLE	Greenville	SC	United States	2723.0	8686R	Rex	South Carolina	United States	20.0	-0.1	25.0	25.2	688.0
407	74074C	Cataclysmic- SJHS Robotics	STILLWATER JHS	Stillwater	OK	United States	2819.0	74074C	SJHS Robotics	Oklahoma	United States	19.9	24.5	62.5	38.0	696.0
472	98040C	Islanders Robotics	Home Run Robotics Club	Mercer Island	WA	United States	2819.0	98040C	Islanders Robotics	Washington	United States	19.9	5.4	38.9	33.4	700.0
445	84927A	Short Circuit	MARY G. PORTER TRADITIONAL	Woodbridge	VA	United States	2819.0	84927A	Short Circuit	Virginia	United States	19.9	10.0	31.1	21.1	705.0
303	25900S	Allison Screwdrivers	ALLISON TRADITIONAL MAGNET MIDDLE	Wichita	KS	United States	2819.0	25900S	Allison Screwdrivers	Kansas	United States	19.9	8.1	31.3	23.2	707.0
251	12350C	CyberWolves	LAKE RIDGE MIDDLE	Woodbridge	VA	United States	2899.0	12350C	CyberWolves	Virginia	United States	19.8	9.6	35.5	25.9	720.0
297	23835B	Creeper Beaters	SULPHUR SPRINGS MIDDLE	Sulphur Springs	TX	United States	2899.0	23835B	Creeper Beaters	Texas - Region 2	United States	19.8	5.8	41.6	35.8	721.0
305	27272A	Phoenix Tech	Creator Academy Pty Ltd	Eastwood		Australia	2899.0	27272A	Phoenix Tech	Australia	Australia	19.8	28.7	75.1	46.4	722.0
435	79700A	Robot Jets	JEFFERSON MIDDLE	ALBUQUERQUE	NM	United States	2899.0	79700A	Robot Jets	New Mexico	United States	19.8	-0.8	28.0	28.8	728.0
450	88825A	Ares	Shanghai No.1 Experimental School Affliated to SISU	Shanghai	Shanghai	China	2899.0	88825A	Ares	China	China	19.8	16.8	78.4	61.6	729.0
356	56772B	St. Mary Robotics B	ST MARY SCHOOL	Alexandria	KY	United States	2899.0	56772B	St. Mary Robotics B	Kentucky	United States	19.8	-8.9	37.3	46.2	731.0
188	7830C	ACP Noble Knights	Arizona College Prep Middle School	Chandler	AZ	United States	2899.0	7830C	ACP Noble Knights	Arizona	United States	19.8	2.7	39.4	36.7	736.0
71	1254D	POM	HARRISON MIDDLE SCHOOL	Harrison	OH	United States	2899.0	1254D	POM	Ohio	United States	19.8	-0.1	44.7	44.8	741.0
416	75548A	Chill Hounds	Cathedral High School	New Ulm	MN	United States	2998.0	75548A	Chill Hounds	Minnesota	United States	19.7	2.6	29.9	27.4	750.0
428	78877A	Scrappers 1	BARRY SCH.	Kansas City	MO	United States	2998.0	78877A	Scrappers 1	Missouri	United States	19.7	11.6	38.1	26.5	756.0
81	1492Z	W.A.S.A.B.I.	Big Brains Education	Bellevue	WA	United States	2998.0	1492Z	W.A.S.A.B.I.	Washington	United States	19.7	-0.7	34.4	35.1	768.0
252	12909A	Arson	FOUNTAIN MIDDLE SCHOOL	Fountain	CO	United States	3065.0	12909A	Arson	Colorado	United States	19.6	-9.9	27.6	37.4	779.0
458	89878H	Sock Puppets	POWDERSVILLE MIDDLE	Greenville	SC	United States	3065.0	89878H	Sock Puppets	South Carolina	United States	19.6	1.8	37.7	35.9	780.0
345	50075B	Oak Hill Robotics	OAK HILL JUNIOR HIGH SCHOOL	Converse	IN	United States	3065.0	50075B	Oak Hill Robotics	Indiana	United States	19.6	-6.0	32.1	38.1	784.0
237	10102R	Rice	Vinci Robotics Academy	Burlington	MA	United States	3065.0	10102R	Rice	Southern New England	United States	19.6	11.7	40.7	29.0	785.0
15	283C	Citizens of Kepler	WHITE PINE HIGH SCHOOL	Ely	NV	United States	3065.0	283C	Citizens of Kepler	Nevada	United States	19.6	-9.9	22.7	32.6	786.0
92	2088S	Straitis	Western Mechatronics	Calgary	AB	Canada	3065.0	2088S	Straitis	Alberta/Saskatchewan	Canada	19.6	-6.9	25.2	32.0	788.0
120	3333M	Hawaiian Rats	Marist Academy Middle School	Pontiac	MI	United States	3065.0	3333M	Hawaiian Rats	Michigan	United States	19.6	-8.2	23.2	31.4	790.0
135	4413Z	WZ-Z	Guangzhou No.5 Middle School	Guangzhou	Guangdong	China	3065.0	4413Z	WZ-Z	China	China	19.6	18.6	72.1	53.6	791.0
253	13460X	SE Mecharauders	Sherburne-Earlville Senior High School	Sherburne	NY	United States	3162.0	13460X	SE Mecharauders	New York-North	United States	19.5	20.4	43.2	22.8	811.0
242	10444A	Electric Emperors	STONE HILL MIDDLE	Ashburn	VA	United States	3162.0	10444A	Electric Emperors	Virginia	United States	19.5	-4.2	33.7	37.9	812.0
211	9039Y	Kraken	BrandywineBOTS Robotics Club	Wilmington	DE	United States	3162.0	9039Y	Kraken	Delmarva	United States	19.5	5.5	30.5	25.0	813.0
126	4073B	VEX JETS	JOE WALKER MIDDLE	Lancaster	CA	United States	3162.0	4073B	VEX JETS	California - Region 3	United States	19.5	-0.5	22.8	23.3	816.0
406	74074B	Behold-SJHS Robotics	STILLWATER JHS	Stillwater	OK	United States	3239.0	74074B	SJHS Robotics-Brilliant Badgers	Oklahoma	United States	19.4	-2.0	35.6	37.6	824.0
321	35016C	(AERO) Redneck Slangers	ARAB JUNIOR HIGH SCHOOL	Arab	AL	United States	3239.0	35016C	(AERO) Redneck Slangers	Alabama	United States	19.4	-12.1	19.3	31.5	829.0
249	11581F	Bad Bananas	PLAINWELL MIDDLE SCHOOL	Plainwell	MI	United States	3239.0	11581F	Bad Bananas	Michigan	United States	19.4	8.5	35.5	27.0	834.0
157	6199D	WiredCats D	The Westminster Schools	Atlanta	GA	United States	3239.0	6199D	WiredCats D	Georgia	United States	19.4	-10.1	24.0	34.2	839.0
121	3333X	X-treme Bot	NOTRE DAME PREPARATORY SCHOOL & MARIST ACADEMY	Pontiac	MI	United States	3329.0	3333X	X-treme Bot	Michigan	United States	19.3	4.3	37.1	32.8	863.0
462	91804C	Survivors	Whitehall Memorial Junior/senior High School	Whitehall	WI	United States	3406.0	91804C	Survivors	Wisconsin	United States	19.2	5.2	35.0	29.8	882.0
22	355G	The Griffins	Fox Valley Robotics	Batavia	IL	United States	3406.0	355G	The Griffins	Illinois	United States	19.2	-4.3	32.6	36.9	898.0
254	13460Y	The Slightly Below Room Temperaturinators	Sherburne-Earlville Senior High School	Sherburne	NY	United States	3406.0	13460Y	The Slightly Below Room Temperaturinators	New York-North	United States	19.2	0.4	39.0	38.6	902.0
325	37816C	Sweet & Salty	JACOB COY MIDDLE SCHOOL	Beavercreek	OH	United States	3503.0	37816C	Sweet & Salty	Ohio	United States	19.1	-12.3	24.6	36.9	903.0
183	7700H	Rolling Robots	Rolling Robots	Rolling Hills Estates	CA	United States	3503.0	7700H	Rolling Robots	California - Region 4	United States	19.1	-7.9	28.4	36.3	908.0
89	2037C	Dragon Robotics	Downtown Elementary School	Bakersfield	CA	United States	3503.0	2037C	Dragon Robotics	California - Region 3	United States	19.1	-5.8	21.6	27.4	917.0
130	4139A	Robot Of The Rings	Steam Labs Technology and Robotics Studio	bangkok		Thailand	3503.0	4139A	Robot Of The Rings	Thailand	Thailand	19.1	14.7	31.6	16.9	925.0
103	2775A	Jackson Area Robotics	Jackson Area Robotics	Jackson	TN	United States	3503.0	2775A	Jackson Area Robotics	Tennessee	United States	19.1	-8.9	26.5	35.4	930.0
381	66799X	AST-onishing X	American School in Taichung	Taichung		Taiwan	3596.0	66799X	AST-onishing X	Chinese Taipei	Taiwan	19.0	13.0	64.4	51.3	936.0
250	11581Z	Trial and Error	PLAINWELL MIDDLE SCHOOL	Plainwell	MI	United States	3596.0	11581Z	Trial and Error	Michigan	United States	19.0	15.6	38.2	22.6	938.0
152	6047D	Don't Panic	WESTVIEW MIDDLE SCHOOL	Longmont	CO	United States	3596.0	6047D	Don't Panic	Colorado	United States	19.0	4.9	23.9	19.0	942.0
441	81101E	DA- Disappointment$$$	Mankato West Robotics	Mankato	MN	United States	3674.0	81101E	DA- Disappointment$$$	Minnesota	United States	18.9	-0.2	28.8	29.1	955.0
470	97435A	Dysfunctional	PIZITZ MIDDLE SCHOOL	Vestavia Hills	AL	United States	3674.0	97435A	Dysfunctional	Alabama	United States	18.9	1.8	21.9	20.1	957.0
298	24500B	CCRMS Lions	RAVENSWOOD MIDDLE	East Palo Alto	CA	United States	3674.0	24500B	CCRMS Lions	California - Region 2	United States	18.9	-8.3	26.9	35.2	960.0
123	3723C	Galvatron	Seoul Foreign School	Seoul		South Korea	3674.0	3723C	Galvatron	South Korea	South Korea	18.9	16.7	37.3	20.6	970.0
392	71300M	Golden Bots	Lied Middle School	Las Vegas	NV	United States	3757.0	71300M	Golden Bots	Nevada	United States	18.8	11.6	45.0	33.4	983.0
464	93528B	G.O.A.T	COLORADO EARLY COLLEGE FORT COLLINS	Fort Collins	CO	United States	3757.0	93528B	G.O.A.T	Colorado	United States	18.8	-2.8	25.5	28.3	988.0
36	663K	Komodo Dragons	CHATTANOOGA CHRISTIAN SCHOOL	Chattanooga	TN	United States	3757.0	663K	Komodo Dragons	Tennessee	United States	18.8	-16.3	19.7	36.0	998.0
302	25900B	Allison Gadget Girls	ALLISON TRADITIONAL MAGNET MIDDLE	Wichita	KS	United States	3843.0	25900B	Allison Gadget Girls	Kansas	United States	18.7	-19.7	14.8	34.5	1012.0
1	14Z	Happy Oven Mitts	Marsteller Middle School	Bristow	VA	United States	3843.0	14Z	Happy Oven Mitts	Virginia	United States	18.7	-3.0	23.6	26.7	1031.0
195	7984C	CMAss Gamma	CMA Secondary School	Kowloon		Hong Kong	3843.0	7984C	CMAss Gamma	Hong Kong	Hong Kong	18.7	47.2	61.6	14.4	1034.0
190	7830N	ACP Noble Knights	Arizona College Prep Middle School	Chandler	AZ	United States	3843.0	7830N	ACP Noble Knights	Arizona	United States	18.7	-8.5	32.5	41.0	1035.0
429	78887B	Knox Knights	Knox Grammar School	Wahroonga		Australia	3932.0	78887B	Knox Knights	Australia	Australia	18.6	-1.4	50.1	51.5	1043.0
423	78116B	HABS_Involute	Haberdashers' Boys' School	Hertfordshire		United Kingdom	3932.0	78116B	HABS_Involute	United Kingdom	United Kingdom	18.6	-7.8	29.1	36.8	1044.0
23	355W	Lack of Artificial Intelligence	Fox Valley Robotics	Batavia	IL	United States	3932.0	355W	Lack of Artificial Intelligence	Illinois	United States	18.6	-13.8	27.3	41.0	1054.0
8	56S	Self Destruct System	Cape Elizabeth  Middle School	Cape Elizabeth	ME	United States	3932.0	56S	Self Destruct System	Maine	United States	18.6	-3.5	24.7	28.2	1057.0
105	2822E	Spartan Design	STAUFFER MIDDLE	Downey	CA	United States	3932.0	2822E	Spartan Design	California - Region 4	United States	18.6	-5.1	26.9	32.0	1059.0
293	22439A	Ponies	MILLBROOK MIDDLE SCHOOL	Millbrook	AL	United States	4023.0	22439A	Ponies	Alabama	United States	18.5	-13.3	21.0	34.3	1064.0
487	99656A	Barnetuckee	BARNESVILLE MIDDLE SCHOOL	Barnesville	OH	United States	4023.0	99656A	Barnetuckee	Ohio	United States	18.5	8.9	52.3	43.4	1073.0
53	938G	Blaze Robotics Qubits	Blaze Robotics Academy	bellevue	WA	United States	4023.0	938G	Blaze Robotics Qubits	Washington	United States	18.5	-22.6	19.8	42.4	1078.0
114	3324M	Supernova Meta	SCIENCE ACADEMY STEM MAGNET	Los Angeles	CA	United States	4023.0	3324M	Supernova Meta	California - Region 4	United States	18.5	-7.2	36.1	43.3	1084.0
206	8838A	Robohawks - Robo Ramen	ORCHARD HILLS	Irvine	CA	United States	4023.0	8838A	Robohawks - Robo Ramen	California - Region 4	United States	18.5	-10.5	29.6	40.1	1089.0
328	38678C	Cookie Monsters	St Pius X Middle School	EDGEWOOD	KY	United States	4123.0	38678C	Cookie Monsters	Kentucky	United States	18.4	-16.6	32.5	49.0	1100.0
424	78181A	Genesis	IBSH	Hsinchu		Taiwan	4123.0	78181A	GENESIS	Chinese Taipei	Taiwan	18.4	1.3	42.0	40.7	1106.0
109	3168X	Rubixcoders	Skywalker Robotics	Auckland		New Zealand	4123.0	3168X	Rubixcoders	New Zealand	New Zealand	18.4	-1.3	33.6	34.9	1124.0
292	21551A	21551A	Zhangjiang Experimental High School To East China Normal Universtity	SHANGHAI	Shanghai	China	4228.0	21551A	21551A	China	China	18.3	16.1	80.4	64.3	1125.0
95	2242B	Silver Wolves	Municipio de Salinas	Salinas		Puerto Rico	4228.0	2242B	Silver Wolves	Puerto Rico	Puerto Rico	18.3	-14.3	26.5	40.8	1142.0
375	65100K	Thina's Churners	Pymble Ladies College, Sydney, Australia	Sydney		Australia	4316.0	65100K	Thina's Churners	Australia	Australia	18.2	2.0	36.1	34.1	1158.0
64	1231B	Banana Boomerangs	LOUISE A. BENTON MIDDLE	Manassas	VA	United States	4316.0	1231B	Banana Boomerangs	Virginia	United States	18.2	9.1	33.2	24.1	1172.0
218	9181G	Gatorade	Seaquam Secondary	Delta	BC	Canada	4316.0	9181G	Gatorade	British Columbia (BC)	Canada	18.2	-14.4	28.0	42.5	1181.0
221	9391E	Lost River 5	LOST RIVER HIGH SCHOOL	Merrill	OR	United States	4316.0	9391E	Lost River 5	Oregon	United States	18.2	9.7	28.5	18.8	1183.0
155	6122C	JGEMS IT Dept	JANE GOODALL ENVIRONMENTAL MIDDLE CHARTER SCHOOL	salem	OR	United States	4316.0	6122C	JGEMS IT Dept	Oregon	United States	18.2	3.9	30.9	27.0	1184.0
178	7481F	Hgeophrey	LEAGUE CITY INT	Houston	TX	United States	4421.0	7481F	Hgeophrey	Texas - Region 3	United States	18.1	1.5	25.1	23.7	1196.0
66	1231E	Exterminators	LOUISE A. BENTON MIDDLE	Manassas	VA	United States	4421.0	1231E	Exterminators	Virginia	United States	18.1	-9.0	23.9	32.9	1201.0
272	18190C	BASIS-C	GUANGZHOU BASIS INTERNATIONAL SCHOOL	Guangzhou	Guangdong	China	4513.0	18190C	BASIS-C	China	China	18.0	3.3	60.4	57.2	1216.0
125	4073A	VEX JETS	JOE WALKER MIDDLE	Lancaster	CA	United States	4602.0	4073A	VEX JETS	California - Region 3	United States	17.9	10.3	30.4	20.1	1249.0
442	81988F	81988F	上海市虹口区青少年活动中心Shanghai Hongkou District Teenagers Activity Center	上海Shanghai	Shanghai	China	4682.0	81988F	81988F	China	China	17.8	6.5	67.3	60.8	1263.0
469	97310A	Andrometa	LOVELAND MIDDLE SCHOOL	Loveland	OH	United States	4682.0	97310A	Andrometa	Ohio	United States	17.8	-4.3	41.8	46.2	1264.0
349	52800B	Crispy Fried Chicken	SOARING HEIGHTS PK-8	Erie	CO	United States	4779.0	52800B	Crispy Fried Chicken	Colorado	United States	17.7	-5.4	23.0	28.4	1285.0
386	69955A	1% Cooks	LADUE MIDDLE	St. Louis	MO	United States	4779.0	69955A	1% Cooks	Missouri	United States	17.7	2.0	38.7	36.7	1288.0
104	2822A	Spartan Design	STAUFFER MIDDLE	Downey	CA	United States	4779.0	2822A	Spartan Design	California - Region 4	United States	17.7	-13.4	30.6	44.0	1302.0
173	7421W	Robotic Wolves	WESTBROOK INT	Houston	TX	United States	4779.0	7421W	Robotic Wolves	Texas - Region 3	United States	17.7	-5.2	23.3	28.5	1304.0
226	9635C	MS RoboKnights	CHARLOTTE CHRISTIAN SCHOOL	Charlotte	NC	United States	4779.0	9635C	MS RoboKnights	North Carolina	United States	17.7	-26.7	25.5	52.2	1306.0
133	4275B	CCK-2	CMA Choi Cheung Kok Secondary School	NT		Hong Kong	4876.0	4275B	CCK-2	Hong Kong	Hong Kong	17.6	13.4	73.8	60.3	1335.0
277	19291Z	Mom's Favorite	Ankeney Middle School/Greene County Career Center	Beavercreek	OH	United States	4876.0	19291Z	Mom's Favorite	Ohio	United States	17.6	-16.4	18.8	35.2	1343.0
147	5769B	Disco Ducks	PICCOWAXEN MIDDLE SCHOOL	Newburg	MD	United States	4876.0	5769B	Disco Ducks	Maryland	United States	17.6	12.0	35.9	23.8	1345.0
344	50009Y	LW-Y	Guangzhou Liwan Children's Palace	Guangzhou	Guangdong	China	4967.0	50009Y	LW-Y	China	China	17.5	9.5	50.0	40.5	1350.0
390	71300A	Boing!	Lied Middle School	Las Vegas	NV	United States	4967.0	71300A	Boing!	Nevada	United States	17.5	-22.1	32.8	54.8	1353.0
296	23835A	Bot Beaters	SULPHUR SPRINGS MIDDLE	Sulphur Springs	TX	United States	4967.0	23835A	Bot Beaters	Texas - Region 2	United States	17.5	-3.2	23.5	26.7	1355.0
98	2567M	Porta-Botz! - Maverick	Portage High School PLTW/Robotics	Portage	IN	United States	4967.0	2567M	Porta-Botz! - Maverick	Indiana	United States	17.5	0.6	39.1	38.5	1362.0
365	61187G	AR: Toothless Waffles	ALLENDALE MIDDLE SCHOOL	Allendale	MI	United States	5052.0	61187G	AR: Toothless Waffles	Michigan	United States	17.4	-19.3	15.4	34.7	1371.0
387	69955B	Cobra Kai	LADUE MIDDLE	St. Louis	MO	United States	5052.0	69955B	Cobra Kai	Missouri	United States	17.4	-9.3	26.9	36.2	1379.0
202	8778X	X-Men	Platte City Middle School	PLATTE CITY	MO	United States	5052.0	8778X	X-Men	Missouri	United States	17.4	-9.5	20.8	30.2	1402.0
96	2242D	MPINETICS	Municipio de Salinas	Salinas		Puerto Rico	5148.0	2242D	MPINETICS	Puerto Rico	Puerto Rico	17.3	-21.3	24.8	46.1	1422.0
437	80204B	Norris Knights B	NORRIS MIDDLE	Balersfield	CA	United States	5231.0	80204B	Norris Knights B	California - Region 3	United States	17.2	-1.3	23.2	24.5	1439.0
78	1365X	X-Men	East Ridge Middle School	CLERMONT	FL	United States	5231.0	1365X	X-Men	Florida - North/Central	United States	17.2	18.9	35.0	16.1	1455.0
283	20196A	Spiky Dinos	Northshore Coding and Robotics Club	Great Neck	NY	United States	5231.0	20196A	Spiky Dinos	New York-South	United States	17.2	10.2	47.0	36.8	1459.0
488	99750S	Sparta's Supreme	ROCORI MIDDLE	Cold Spring	MN	United States	5329.0	99750S	Sparta's Supreme	Minnesota	United States	17.1	-4.1	39.9	44.0	1463.0
267	17022J	Otter	HappyRobot	New Taipei City		Taiwan	5329.0	17022J	Otter	Chinese Taipei	Taiwan	17.1	-16.5	46.7	63.2	1484.0
160	6293D	CROCS  - Team 4	PINECREST ACADEMY CHARTER MIDDLE SCHOOL	Miami	FL	United States	5411.0	6293D	CROCS  - Team 4	Florida - South	United States	17.0	-19.2	18.6	37.8	1507.0
162	6364E	Ghost	B G HUDSON MIDDLE	Sachse	TX	United States	5411.0	6364E	Ghost	Texas - Region 2	United States	17.0	-4.8	40.9	45.7	1508.0
434	79419A	Metal Revolution	Carey Baptist College	Harrisdale		Australia	5495.0	79419A	Metal Revolution	Australia	Australia	16.9	-1.2	59.6	60.8	1513.0
197	8388F	Robotic Raptors	MERIDIANVILLE MIDDLE SCHOOL	Hazel Green	AL	United States	5495.0	8388F	Robotic Raptors	Alabama	United States	16.9	0.7	28.0	27.3	1521.0
307	27457A	TRUMAN VEX	TRUMAN MIDDLE	Albuquerque	NM	United States	5650.0	27457A	TRUMAN VEX	New Mexico	United States	16.7	-15.9	17.8	33.7	1552.0
388	70663A	Team Beefy	LEBLANC MIDDLE SCHOOL	Sulphur	LA	United States	5801.0	70663A	Team Beefy	Louisiana	United States	16.5	-17.4	18.2	35.7	1596.0
56	955N	Checkmate	Play Ideas NY	New York	NY	United States	5801.0	955N	Checkmate	New York-South	United States	16.5	-25.1	28.0	53.1	1599.0
486	99561Z	Applez	FALLSBURG JUNIOR SENIOR HIGH SCHOOL	Fallsburg	NY	United States	5900.0	99561Z	Applez	New York-South	United States	16.4	-10.2	26.2	36.5	1620.0
67	1247B	KitFingers	WESTBROOK INT	Houston	TX	United States	5900.0	1247B	KitFingers	Texas - Region 3	United States	16.4	-25.8	11.8	37.6	1635.0
299	24658J	The Danny Devitoes	JAY MIDDLE SCHOOL	JAY	OK	United States	5990.0	24658J	The Danny Devitoes	Oklahoma	United States	16.3	-0.3	32.3	32.6	1661.0
245	10820P	Flying Penguins	WILLOW SPRINGS MIDDLE	LUCAS	TX	United States	5990.0	10820P	Flying Penguins	Texas - Region 2	United States	16.3	-15.0	31.5	46.5	1663.0
127	4073G	VEX JETS	JOE WALKER MIDDLE	Lancaster	CA	United States	6210.0	4073G	VEX JETS	California - Region 3	United States	16.0	-22.8	12.5	35.3	1716.0
138	4610N	just NO	Robot Revolution	summit	NJ	United States	6294.0	4610N	just NO	New Jersey	United States	15.9	-13.9	31.2	45.1	1740.0
337	45009V	The Water Dragons	YOUNG WOMEN'S LEADERSHIP ACADEMY	El Paso	TX	United States	6364.0	45009V	The Water Dragons	Texas - Region 1	United States	15.8	-14.6	33.2	47.7	1747.0
134	4275V	CCK-4	CMA Choi Cheung Kok Secondary School	NT		Hong Kong	6364.0	4275V	CCK-4	Hong Kong	Hong Kong	15.8	2.9	17.0	14.0	1760.0
282	19991A	PinkOuts	TEXAS SCHOOL FOR THE DEAF	Austin	TX	United States	6364.0	19991A	PinkOuts	Texas - Region 4	United States	15.8	-13.2	26.1	39.4	1767.0
76	1365T	The Titans	East Ridge Middle School	CLERMONT	FL	United States	6455.0	1365T	The Titans	Florida - North/Central	United States	15.7	-6.2	21.0	27.2	1782.0
295	23612T	Cycle	LAKESIDE JUNIOR HIGH SCHOOL	Springdale, AR	AR	United States	6524.0	23612T	Cycle	Arkansas	United States	15.6	4.3	34.8	30.5	1803.0
139	4610Y	Flakey Celery	Robot Revolution	summit	NJ	United States	6665.0	4610Y	Flakey Celery	New Jersey	United States	15.4	-30.4	18.0	48.4	1860.0
51	906A	HIC robot	HIC robot	Guangzhou	Guangdong	China	6922.0	906A	HIC robot	China	China	15.0	-45.3	23.4	68.7	1903.0
409	74177A	Metal Benders	Pinecrest Academy Sloan Canyon	Henderson	NV	United States	7120.0	74177A	Metal Benders	Nevada	United States	14.7	-5.0	29.1	34.1	1947.0
108	3142C	Paideia Robotics	The Paideia School	Atlanta	GA	United States	7237.0	3142C	Paideia Robotics	Georgia	United States	14.5	24.5	31.5	7.0	1976.0
397	71678B	TPCS Galahad	TRADERS POINT CHRISTIAN ACADEMY	Whitestown	IN	United States	7299.0	71678B	TPCS Galahad	Indiana	United States	14.4	-46.2	14.8	61.1	1979.0
380	66497A	Cosmos	Berlin Cosmopolitan School	Berlin	BER	Germany	7299.0	66497A	Cosmos	Germany	Germany	14.4	-16.2	28.0	44.2	1981.0
336	43210E	suPURDUEper Echo	PURDUE POLYTECHNIC HIGH SCHOOL IND	Indianapolis	IN	United States	7355.0	43210E	suPURDUEper Echo	Indiana	United States	14.3	-34.7	18.3	53.0	1993.0
290	21102A	上海民办新华初级中学A队	SHANGHAI XINHUA JUNIOR MIDDLE SCHOOL	Shanghai	Shanghai	China	7355.0	21102A	上海民办新华初级中学A队	China	China	14.3	33.7	84.3	50.6	2003.0
196	8076X	Death	Hwa Chong Institution	Singapore		Singapore	7407.0	8076X	Death	Singapore	Singapore	14.2	31.5	69.2	37.7	2013.0
300	25146E	Zip Ties and Duct Tape	Clear Lake Middle School School	Clear Lake	IA	United States	7576.0	25146E	Zip Ties and Duct Tape	Iowa	United States	13.9	-14.5	36.2	50.7	2049.0
230	10004B	PU TAI S	普台高中國中部	Nantou County		Taiwan	7746.0	10004B	PU TAI S	Chinese Taipei	Taiwan	13.6	-38.4	39.0	77.4	2074.0
185	7756A	XIN QI DIAN ROBOTICS LAB	Branch of Beijing Chen Jinglun Middle School	Beijing	Beijing	China	7933.0	7756A	XIN QI DIAN ROBOTICS LAB	China	China	13.2	-5.3	75.8	81.1	2114.0
25	388A	瑞卜德 388A	China Shanghai Robot Education technology co. LTD	Shanghai	Shanghai	China	8034.0	388A	瑞卜德 388A	China	China	13.0	-9.2	45.8	54.9	2133.0
100	2616V	Vortex	CHERRY HILL HIGH SCHOOL EAST	Cherry Hill	NJ	United States	8243.0	2616V	Vortex	New Jersey	United States	12.6	-15.3	26.5	41.8	2174.0
77	1365W	Robotnik	East Ridge Middle School	CLERMONT	FL	United States	8587.0	1365W	Robotnik	Florida - North/Central	United States	11.8	2.8	23.5	20.7	2229.0
444	84567A	Soong Ching Ling School 1	Shanghai Soong Ching Ling School	Shanghai	Shanghai	China	8699.0	84567A	Soong Ching Ling School 1	China	China	11.5	-56.9	8.3	65.2	2247.0
57	963A	瑞卜德 ROBOT 963A	China Shanghai Robot Education technology co. LTD	Shanghai	Shanghai	China	9436.0	963A	瑞卜德 ROBOT 963A	China	China	9.0	-53.3	21.3	74.6	2349.0
148	5864E	Chicken attack	Macau Baptist College	Macau		Macau	9799.0	5864E	Chicken attack	Macau	Macau	7.0	-29.0	40.5	69.5	2392.0
398	71832D	Riders II	Academia Robotica Pueblo	Asuncion		Paraguay	99999.0	71832D	Riders II	Paraguay	Paraguay					2418.0
32	488B	Shanghai Robot Education technology 488B	Shanghai Robot Education technology co.LTD, China	Shanghai	Shanghai	China	99999.0	488B	Shanghai Robot Education technology 488B	China	China					2430.0
11	88X	ruizhiwenfeng X	Rui Zhi Wen Feng Education Technology Co.	Beijing	Beijing	China										
27	400Y	Out of sizing	BALL HIGH SCHOOL	galveston	TX	United States										
39	691C	AK-691C	AK	西安	Shaanxi	China										
52	906Y	HIC robot	HIC robot	Guangzhou	Guangdong	China										
84	1737S	Xiaoxiang	International Robotics Academy	Almaty		Kazakhstan										
91	2088D	Western Mechatronics	Western Mechatronics	Calgary	AB	Canada										
149	5868E	REVOLUTION MAKER	PUICHING MIDDLE SCHOOL MACAU	MACAU		Macau										
216	9123W	Shanghai Ruiguan Team 9123W	ShangHai RuiGuan Robotics Activity Center	Shanghai	Shanghai	China										
273	18522S	新起点机器人实验室S队	新起点机器人实验室	北京	Beijing	China										
284	20237B	浙江省杭州滨和中学	浙江省杭州滨和中学	杭州	Zhejiang	China										
309	29088A	苏州青少中心1队	苏州市青少年活动中心	苏州	Jiangsu	China										
342	48604A	CECYTECHMS	CECyTE CHIAPAS	Tuxtla Gutierrez	CS	Mexico										
347	51188D	51188D		shanghai	Shanghai	China										
353	56666E	Create Future Robot-E	Create Future Robot Education Training School	fuzhou	Fujian	China										
354	56666H	Create Future Robot-H	Create Future Robot	fuzhou	Fujian	China										
370	61704B	Maker Planets No.B	玩物星球STEAM俱乐部	HangZhou	Zhejiang	China										
417	76209M	Mission Impossible	Saigon South International School	Ho Chi Minh City		Vietnam										
